{
    "0": {
        "optimizer_llm_configs": {
            "model_type": "gemini-2.0-flash-exp",
            "temperature": 1.5,
            "batch_size": 1,
            "num_servers": 1,
            "max_decode_steps": 1024,
            "model": "gemini-2.0-flash-exp"
        },
        "data": {
            "num_points": 50,
            "w_true": 2,
            "b_true": 30,
            "loss_at_true_values": 64.32793768637495,
            "X": [
                1.0,
                2.0,
                3.0,
                4.0,
                5.0,
                6.0,
                7.0,
                8.0,
                9.0,
                10.0,
                11.0,
                12.0,
                13.0,
                14.0,
                15.0,
                16.0,
                17.0,
                18.0,
                19.0,
                20.0,
                21.0,
                22.0,
                23.0,
                24.0,
                25.0,
                26.0,
                27.0,
                28.0,
                29.0,
                30.0,
                31.0,
                32.0,
                33.0,
                34.0,
                35.0,
                36.0,
                37.0,
                38.0,
                39.0,
                40.0,
                41.0,
                42.0,
                43.0,
                44.0,
                45.0,
                46.0,
                47.0,
                48.0,
                49.0,
                50.0
            ],
            "y": [
                33.76405234596766,
                34.400157208367226,
                36.97873798410574,
                40.24089319920146,
                41.86755799014997,
                41.02272212012359,
                44.95008841752559,
                45.848642791702304,
                47.89678114820644,
                50.410598501938374,
                52.14404357116088,
                55.45427350696298,
                56.76103772514699,
                58.12167501649283,
                60.44386323274543,
                62.33367432737427,
                65.49407907315761,
                65.7948417362342,
                68.31306770165091,
                69.14590426069827,
                69.44701018416592,
                74.65361859544036,
                76.86443619885951,
                77.25783497959355,
                82.26975462398761,
                80.54563432540124,
                84.04575851730145,
                85.81281614997417,
                89.53277921435846,
                91.46935876990028,
                92.15494742569692,
                94.37816251960217,
                95.11221425236988,
                96.01920353177607,
                99.65208785067385,
                102.15634896910397,
                105.23029068072772,
                107.20237984878442,
                107.61267318259205,
                109.69769724942466,
                110.95144703493291,
                112.57998206282103,
                114.29372980937498,
                119.95077539523179,
                119.49034781824835,
                121.56192569838882,
                122.74720463995007,
                126.77749035583192,
                126.38610215244205,
                129.78725971978602
            ]
        },
        "init_w": [
            12.0,
            14.0,
            16.0,
            17.0,
            20.0
        ],
        "init_b": [
            10.0,
            14.0,
            15.0,
            12.0,
            14.0
        ],
        "max_num_steps": 500,
        "max_num_pairs": 35,
        "num_input_decimals": 0,
        "num_output_decimals": 0,
        "num_generated_points_in_each_step": 15
    },
    "1": {
        "optimizer_llm_configs": {
            "model_type": "gemini-2.0-flash-exp",
            "temperature": 1.5,
            "batch_size": 1,
            "num_servers": 1,
            "max_decode_steps": 1024,
            "model": "gemini-2.0-flash-exp"
        },
        "data": {
            "num_points": 50,
            "w_true": 2,
            "b_true": 30,
            "loss_at_true_values": 64.32793768637495,
            "X": [
                1.0,
                2.0,
                3.0,
                4.0,
                5.0,
                6.0,
                7.0,
                8.0,
                9.0,
                10.0,
                11.0,
                12.0,
                13.0,
                14.0,
                15.0,
                16.0,
                17.0,
                18.0,
                19.0,
                20.0,
                21.0,
                22.0,
                23.0,
                24.0,
                25.0,
                26.0,
                27.0,
                28.0,
                29.0,
                30.0,
                31.0,
                32.0,
                33.0,
                34.0,
                35.0,
                36.0,
                37.0,
                38.0,
                39.0,
                40.0,
                41.0,
                42.0,
                43.0,
                44.0,
                45.0,
                46.0,
                47.0,
                48.0,
                49.0,
                50.0
            ],
            "y": [
                33.76405234596766,
                34.400157208367226,
                36.97873798410574,
                40.24089319920146,
                41.86755799014997,
                41.02272212012359,
                44.95008841752559,
                45.848642791702304,
                47.89678114820644,
                50.410598501938374,
                52.14404357116088,
                55.45427350696298,
                56.76103772514699,
                58.12167501649283,
                60.44386323274543,
                62.33367432737427,
                65.49407907315761,
                65.7948417362342,
                68.31306770165091,
                69.14590426069827,
                69.44701018416592,
                74.65361859544036,
                76.86443619885951,
                77.25783497959355,
                82.26975462398761,
                80.54563432540124,
                84.04575851730145,
                85.81281614997417,
                89.53277921435846,
                91.46935876990028,
                92.15494742569692,
                94.37816251960217,
                95.11221425236988,
                96.01920353177607,
                99.65208785067385,
                102.15634896910397,
                105.23029068072772,
                107.20237984878442,
                107.61267318259205,
                109.69769724942466,
                110.95144703493291,
                112.57998206282103,
                114.29372980937498,
                119.95077539523179,
                119.49034781824835,
                121.56192569838882,
                122.74720463995007,
                126.77749035583192,
                126.38610215244205,
                129.78725971978602
            ]
        },
        "init_w": [
            12.0,
            14.0,
            16.0,
            17.0,
            20.0
        ],
        "init_b": [
            10.0,
            14.0,
            15.0,
            12.0,
            14.0
        ],
        "max_num_steps": 500,
        "max_num_pairs": 35,
        "num_input_decimals": 0,
        "num_output_decimals": 0,
        "num_generated_points_in_each_step": 15
    }
}