{
    "0": {
        "optimizer_llm_configs": {
            "model_type": "gemini-2.0-flash-exp",
            "temperature": 1.0,
            "batch_size": 1,
            "num_servers": 1,
            "max_decode_steps": 1024,
            "model": "gemini-2.0-flash-exp"
        },
        "data": {
            "num_points": 50,
            "w_true": 3,
            "b_true": 5,
            "loss_at_true_values": 64.32793768637504,
            "X": [
                1.0,
                2.0,
                3.0,
                4.0,
                5.0,
                6.0,
                7.0,
                8.0,
                9.0,
                10.0,
                11.0,
                12.0,
                13.0,
                14.0,
                15.0,
                16.0,
                17.0,
                18.0,
                19.0,
                20.0,
                21.0,
                22.0,
                23.0,
                24.0,
                25.0,
                26.0,
                27.0,
                28.0,
                29.0,
                30.0,
                31.0,
                32.0,
                33.0,
                34.0,
                35.0,
                36.0,
                37.0,
                38.0,
                39.0,
                40.0,
                41.0,
                42.0,
                43.0,
                44.0,
                45.0,
                46.0,
                47.0,
                48.0,
                49.0,
                50.0
            ],
            "y": [
                9.764052345967665,
                11.400157208367224,
                14.97873798410574,
                19.24089319920146,
                21.86755799014997,
                22.02272212012359,
                26.95008841752559,
                28.848642791702304,
                31.896781148206443,
                35.410598501938374,
                38.14404357116088,
                42.45427350696298,
                44.76103772514699,
                47.12167501649283,
                50.44386323274543,
                53.33367432737427,
                57.49407907315761,
                58.7948417362342,
                62.3130677016509,
                64.14590426069827,
                65.44701018416592,
                71.65361859544036,
                74.86443619885951,
                76.25783497959355,
                82.26975462398761,
                81.54563432540124,
                86.04575851730145,
                88.81281614997417,
                93.53277921435846,
                96.46935876990028,
                98.15494742569692,
                101.37816251960217,
                103.11221425236988,
                105.01920353177607,
                109.65208785067385,
                113.15634896910397,
                117.23029068072772,
                120.20237984878442,
                121.61267318259205,
                124.69769724942466,
                126.95144703493291,
                129.57998206282102,
                132.29372980937498,
                138.9507753952318,
                139.49034781824835,
                142.56192569838882,
                144.74720463995007,
                149.7774903558319,
                150.38610215244205,
                154.78725971978602
            ]
        },
        "init_w": [
            12.0,
            14.0,
            16.0,
            17.0,
            20.0
        ],
        "init_b": [
            10.0,
            14.0,
            15.0,
            12.0,
            14.0
        ],
        "max_num_steps": 500,
        "max_num_pairs": 20,
        "num_input_decimals": 0,
        "num_output_decimals": 0,
        "num_generated_points_in_each_step": 8
    },
    "1": {
        "optimizer_llm_configs": {
            "model_type": "gemini-2.0-flash-exp",
            "temperature": 1.0,
            "batch_size": 1,
            "num_servers": 1,
            "max_decode_steps": 1024,
            "model": "gemini-2.0-flash-exp"
        },
        "data": {
            "num_points": 50,
            "w_true": 3,
            "b_true": 5,
            "loss_at_true_values": 64.32793768637504,
            "X": [
                1.0,
                2.0,
                3.0,
                4.0,
                5.0,
                6.0,
                7.0,
                8.0,
                9.0,
                10.0,
                11.0,
                12.0,
                13.0,
                14.0,
                15.0,
                16.0,
                17.0,
                18.0,
                19.0,
                20.0,
                21.0,
                22.0,
                23.0,
                24.0,
                25.0,
                26.0,
                27.0,
                28.0,
                29.0,
                30.0,
                31.0,
                32.0,
                33.0,
                34.0,
                35.0,
                36.0,
                37.0,
                38.0,
                39.0,
                40.0,
                41.0,
                42.0,
                43.0,
                44.0,
                45.0,
                46.0,
                47.0,
                48.0,
                49.0,
                50.0
            ],
            "y": [
                9.764052345967665,
                11.400157208367224,
                14.97873798410574,
                19.24089319920146,
                21.86755799014997,
                22.02272212012359,
                26.95008841752559,
                28.848642791702304,
                31.896781148206443,
                35.410598501938374,
                38.14404357116088,
                42.45427350696298,
                44.76103772514699,
                47.12167501649283,
                50.44386323274543,
                53.33367432737427,
                57.49407907315761,
                58.7948417362342,
                62.3130677016509,
                64.14590426069827,
                65.44701018416592,
                71.65361859544036,
                74.86443619885951,
                76.25783497959355,
                82.26975462398761,
                81.54563432540124,
                86.04575851730145,
                88.81281614997417,
                93.53277921435846,
                96.46935876990028,
                98.15494742569692,
                101.37816251960217,
                103.11221425236988,
                105.01920353177607,
                109.65208785067385,
                113.15634896910397,
                117.23029068072772,
                120.20237984878442,
                121.61267318259205,
                124.69769724942466,
                126.95144703493291,
                129.57998206282102,
                132.29372980937498,
                138.9507753952318,
                139.49034781824835,
                142.56192569838882,
                144.74720463995007,
                149.7774903558319,
                150.38610215244205,
                154.78725971978602
            ]
        },
        "init_w": [
            12.0,
            14.0,
            16.0,
            17.0,
            20.0
        ],
        "init_b": [
            10.0,
            14.0,
            15.0,
            12.0,
            14.0
        ],
        "max_num_steps": 500,
        "max_num_pairs": 20,
        "num_input_decimals": 0,
        "num_output_decimals": 0,
        "num_generated_points_in_each_step": 8
    },
    "2": {
        "optimizer_llm_configs": {
            "model_type": "gemini-2.0-flash-exp",
            "temperature": 1.0,
            "batch_size": 1,
            "num_servers": 1,
            "max_decode_steps": 1024,
            "model": "gemini-2.0-flash-exp"
        },
        "data": {
            "num_points": 50,
            "w_true": 3,
            "b_true": 5,