{
    "0": {
        "optimizer_llm_configs": {
            "model_type": "gemini-2.0-flash-exp",
            "temperature": 1.0,
            "batch_size": 1,
            "num_servers": 1,
            "max_decode_steps": 1024,
            "model": "gemini-2.0-flash-exp"
        },
        "data": {
            "num_points": 50,
            "w_true": 17,
            "b_true": 17,
            "loss_at_true_values": 64.3279376863745,
            "X": [
                1.0,
                2.0,
                3.0,
                4.0,
                5.0,
                6.0,
                7.0,
                8.0,
                9.0,
                10.0,
                11.0,
                12.0,
                13.0,
                14.0,
                15.0,
                16.0,
                17.0,
                18.0,
                19.0,
                20.0,
                21.0,
                22.0,
                23.0,
                24.0,
                25.0,
                26.0,
                27.0,
                28.0,
                29.0,
                30.0,
                31.0,
                32.0,
                33.0,
                34.0,
                35.0,
                36.0,
                37.0,
                38.0,
                39.0,
                40.0,
                41.0,
                42.0,
                43.0,
                44.0,
                45.0,
                46.0,
                47.0,
                48.0,
                49.0,
                50.0
            ],
            "y": [
                35.76405234596766,
                51.400157208367226,
                68.97873798410573,
                87.24089319920145,
                103.86755799014996,
                118.02272212012359,
                136.9500884175256,
                152.8486427917023,
                169.89678114820643,
                187.41059850193838,
                204.14404357116086,
                222.45427350696298,
                238.761037725147,
                255.12167501649282,
                272.4438632327454,
                289.33367432737424,
                307.4940790731576,
                322.7948417362342,
                340.3130677016509,
                356.1459042606983,
                371.44701018416595,
                391.6536185954404,
                408.8644361988595,
                424.25783497959355,
                444.2697546239876,
                457.54563432540124,
                476.04575851730146,
                492.81281614997414,
                511.53277921435847,
                528.4693587699003,
                544.154947425697,
                561.3781625196021,
                577.1122142523699,
                593.019203531776,
                611.6520878506739,
                629.156348969104,
                647.2302906807278,
                664.2023798487844,
                679.6126731825921,
                696.6976972494247,
                712.9514470349329,
                729.579982062821,
                746.293729809375,
                766.9507753952317,
                781.4903478182483,
                798.5619256983888,
                814.74720463995,
                833.7774903558319,
                848.386102152442,
                866.787259719786
            ]
        },
        "init_w": [
            12.0,
            14.0,
            16.0,
            17.0,
            20.0
        ],
        "init_b": [
            10.0,
            14.0,
            15.0,
            12.0,
            14.0
        ],
        "max_num_steps": 500,
        "max_num_pairs": 20,
        "num_input_decimals": 0,
        "num_output_decimals": 0,
        "num_generated_points_in_each_step": 8
    },
    "1": {
        "optimizer_llm_configs": {
            "model_type": "gemini-2.0-flash-exp",
            "temperature": 1.0,
            "batch_size": 1,
            "num_servers": 1,
            "max_decode_steps": 1024,
            "model": "gemini-2.0-flash-exp"
        },
        "data": {
            "num_points": 50,
            "w_true": 17,
            "b_true": 17,
            "loss_at_true_values": 64.3279376863745,
            "X": [
                1.0,
                2.0,
                3.0,
                4.0,
                5.0,
                6.0,
                7.0,
                8.0,
                9.0,
                10.0,
                11.0,
                12.0,
                13.0,
                14.0,
                15.0,
                16.0,
                17.0,
                18.0,
                19.0,
                20.0,
                21.0,
                22.0,
                23.0,
                24.0,
                25.0,
                26.0,
                27.0,
                28.0,
                29.0,
                30.0,
                31.0,
                32.0,
                33.0,
                34.0,
                35.0,
                36.0,
                37.0,
                38.0,
                39.0,
                40.0,
                41.0,
                42.0,
                43.0,
                44.0,
                45.0,
                46.0,
                47.0,
                48.0,
                49.0,
                50.0
            ],
            "y": [
                35.76405234596766,
                51.400157208367226,
                68.97873798410573,
                87.24089319920145,
                103.86755799014996,
                118.02272212012359,
                136.9500884175256,
                152.8486427917023,
                169.89678114820643,
                187.41059850193838,
                204.14404357116086,
                222.45427350696298,
                238.761037725147,
                255.12167501649282,
                272.4438632327454,
                289.33367432737424,
                307.4940790731576,
                322.7948417362342,
                340.3130677016509,
                356.1459042606983,
                371.44701018416595,
                391.6536185954404,
                408.8644361988595,
                424.25783497959355,
                444.2697546239876,
                457.54563432540124,
                476.04575851730146,
                492.81281614997414,
                511.53277921435847,
                528.4693587699003,
                544.154947425697,
                561.3781625196021,
                577.1122142523699,
                593.019203531776,
                611.6520878506739,
                629.156348969104,
                647.2302906807278,
                664.2023798487844,
                679.6126731825921,
                696.6976972494247,
                712.9514470349329,
                729.579982062821,
                746.293729809375,
                766.9507753952317,
                781.4903478182483,
                798.5619256983888,
                814.74720463995,
                833.7774903558319,
                848.386102152442,
                866.787259719786
            ]
        },
        "init_w": [
            12.0,
            14.0,
            16.0,
            17.0,
            20.0
        ],
        "init_b": [
            10.0,
            14.0,
            15.0,
            12.0,
            14.0
        ],
        "max_num_steps": 500,
        "max_num_pairs": 20,
        "num_input_decimals": 0,
        "num_output_decimals": 0,
        "num_generated_points_in_each_step": 8
    },
    "2": {
        "optimizer_llm_configs": {
            "model_type": "gemini-2.0-flash-exp",
            "temperature": 1.0,
            "batch_size": 1,
            "num_servers": 1,
            "max_decode_steps": 1024,
            "model": "gemini-2.0-flash-exp"
        },
        "data": {
            "num_points": 50,
            "w_true": 17,
            "b_true": 17,
            "loss_at_true_values": 64.3279376863745,