{
    "0": {
        "optimizer_llm_configs": {
            "model_type": "gemini-2.0-flash-exp",
            "temperature": 1.0,
            "batch_size": 1,
            "num_servers": 1,
            "max_decode_steps": 1024,
            "model": "gemini-2.0-flash-exp"
        },
        "data": {
            "num_points": 50,
            "w_true": 16,
            "b_true": 10,
            "loss_at_true_values": 64.32793768637453,
            "X": [
                1.0,
                2.0,
                3.0,
                4.0,
                5.0,
                6.0,
                7.0,
                8.0,
                9.0,
                10.0,
                11.0,
                12.0,
                13.0,
                14.0,
                15.0,
                16.0,
                17.0,
                18.0,
                19.0,
                20.0,
                21.0,
                22.0,
                23.0,
                24.0,
                25.0,
                26.0,
                27.0,
                28.0,
                29.0,
                30.0,
                31.0,
                32.0,
                33.0,
                34.0,
                35.0,
                36.0,
                37.0,
                38.0,
                39.0,
                40.0,
                41.0,
                42.0,
                43.0,
                44.0,
                45.0,
                46.0,
                47.0,
                48.0,
                49.0,
                50.0
            ],
            "y": [
                27.764052345967663,
                42.400157208367226,
                58.97873798410574,
                76.24089319920145,
                91.86755799014996,
                105.02272212012359,
                122.95008841752559,
                137.8486427917023,
                153.89678114820643,
                170.41059850193838,
                186.14404357116086,
                203.45427350696298,
                218.761037725147,
                234.12167501649282,
                250.44386323274543,
                266.33367432737424,
                283.4940790731576,
                297.7948417362342,
                314.3130677016509,
                329.1459042606983,
                343.44701018416595,
                362.6536185954404,
                378.8644361988595,
                393.25783497959355,
                412.2697546239876,
                424.54563432540124,
                442.04575851730146,
                457.81281614997414,
                475.53277921435847,
                491.4693587699003,
                506.1549474256969,
                522.3781625196021,
                537.1122142523699,
                552.019203531776,
                569.6520878506739,
                586.156348969104,
                603.2302906807278,
                619.2023798487844,
                633.6126731825921,
                649.6976972494247,
                664.9514470349329,
                680.579982062821,
                696.293729809375,
                715.9507753952317,
                729.4903478182483,
                745.5619256983888,
                760.74720463995,
                778.7774903558319,
                792.386102152442,
                809.787259719786
            ]
        },
        "init_w": [
            12.0,
            14.0,
            16.0,
            17.0,
            20.0
        ],
        "init_b": [
            10.0,
            14.0,
            15.0,
            12.0,
            14.0
        ],
        "max_num_steps": 500,
        "max_num_pairs": 20,
        "num_input_decimals": 0,
        "num_output_decimals": 0,
        "num_generated_points_in_each_step": 8
    },
    "1": {
        "optimizer_llm_configs": {
            "model_type": "gemini-2.0-flash-exp",
            "temperature": 1.0,
            "batch_size": 1,
            "num_servers": 1,
            "max_decode_steps": 1024,
            "model": "gemini-2.0-flash-exp"
        },
        "data": {
            "num_points": 50,
            "w_true": 16,
            "b_true": 10,
            "loss_at_true_values": 64.32793768637453,
            "X": [
                1.0,
                2.0,
                3.0,
                4.0,
                5.0,
                6.0,
                7.0,
                8.0,
                9.0,
                10.0,
                11.0,
                12.0,
                13.0,
                14.0,
                15.0,
                16.0,
                17.0,
                18.0,
                19.0,
                20.0,
                21.0,
                22.0,
                23.0,
                24.0,
                25.0,
                26.0,
                27.0,
                28.0,
                29.0,
                30.0,
                31.0,
                32.0,
                33.0,
                34.0,
                35.0,
                36.0,
                37.0,
                38.0,
                39.0,
                40.0,
                41.0,
                42.0,
                43.0,
                44.0,
                45.0,
                46.0,
                47.0,
                48.0,
                49.0,
                50.0
            ],
            "y": [
                27.764052345967663,
                42.400157208367226,
                58.97873798410574,
                76.24089319920145,
                91.86755799014996,
                105.02272212012359,
                122.95008841752559,
                137.8486427917023,
                153.89678114820643,
                170.41059850193838,
                186.14404357116086,
                203.45427350696298,
                218.761037725147,
                234.12167501649282,
                250.44386323274543,
                266.33367432737424,
                283.4940790731576,
                297.7948417362342,
                314.3130677016509,
                329.1459042606983,
                343.44701018416595,
                362.6536185954404,
                378.8644361988595,
                393.25783497959355,
                412.2697546239876,
                424.54563432540124,
                442.04575851730146,
                457.81281614997414,
                475.53277921435847,
                491.4693587699003,
                506.1549474256969,
                522.3781625196021,
                537.1122142523699,
                552.019203531776,
                569.6520878506739,
                586.156348969104,
                603.2302906807278,
                619.2023798487844,
                633.6126731825921,
                649.6976972494247,
                664.9514470349329,
                680.579982062821,
                696.293729809375,
                715.9507753952317,
                729.4903478182483,
                745.5619256983888,
                760.74720463995,
                778.7774903558319,
                792.386102152442,
                809.787259719786
            ]
        },
        "init_w": [
            12.0,
            14.0,
            16.0,
            17.0,
            20.0
        ],
        "init_b": [
            10.0,
            14.0,
            15.0,
            12.0,
            14.0
        ],
        "max_num_steps": 500,
        "max_num_pairs": 20,
        "num_input_decimals": 0,
        "num_output_decimals": 0,
        "num_generated_points_in_each_step": 8
    },
    "2": {
        "optimizer_llm_configs": {
            "model_type": "gemini-2.0-flash-exp",
            "temperature": 1.0,
            "batch_size": 1,
            "num_servers": 1,
            "max_decode_steps": 1024,
            "model": "gemini-2.0-flash-exp"
        },
        "data": {
            "num_points": 50,
            "w_true": 16,
            "b_true": 10,
            "loss_at_true_values": 64.32793768637453,