{
    "0": {
        "optimizer_llm_configs": {
            "model_type": "gemini-1.5-flash-002",
            "temperature": 1.0,
            "batch_size": 1,
            "num_servers": 1,
            "max_decode_steps": 1024,
            "model": "gemini-1.5-flash-002"
        },
        "data": {
            "num_points": 50,
            "w_true": 15,
            "b_true": 14,
            "loss_at_true_values": 64.32793768637458,
            "X": [
                1.0,
                2.0,
                3.0,
                4.0,
                5.0,
                6.0,
                7.0,
                8.0,
                9.0,
                10.0,
                11.0,
                12.0,
                13.0,
                14.0,
                15.0,
                16.0,
                17.0,
                18.0,
                19.0,
                20.0,
                21.0,
                22.0,
                23.0,
                24.0,
                25.0,
                26.0,
                27.0,
                28.0,
                29.0,
                30.0,
                31.0,
                32.0,
                33.0,
                34.0,
                35.0,
                36.0,
                37.0,
                38.0,
                39.0,
                40.0,
                41.0,
                42.0,
                43.0,
                44.0,
                45.0,
                46.0,
                47.0,
                48.0,
                49.0,
                50.0
            ],
            "y": [
                30.764052345967663,
                44.400157208367226,
                59.97873798410574,
                76.24089319920145,
                90.86755799014996,
                103.02272212012359,
                119.95008841752559,
                133.8486427917023,
                148.89678114820643,
                164.41059850193838,
                179.14404357116086,
                195.45427350696298,
                209.761037725147,
                224.12167501649282,
                239.44386323274543,
                254.33367432737427,
                270.4940790731576,
                283.7948417362342,
                299.3130677016509,
                313.1459042606983,
                326.44701018416595,
                344.6536185954404,
                359.8644361988595,
                373.25783497959355,
                391.2697546239876,
                402.54563432540124,
                419.04575851730146,
                433.81281614997414,
                450.53277921435847,
                465.4693587699003,
                479.1549474256969,
                494.3781625196022,
                508.1122142523699,
                522.019203531776,
                538.6520878506739,
                554.156348969104,
                570.2302906807278,
                585.2023798487844,
                598.6126731825921,
                613.6976972494247,
                627.9514470349329,
                642.579982062821,
                657.293729809375,
                675.9507753952317,
                688.4903478182483,
                703.5619256983888,
                717.74720463995,
                734.7774903558319,
                747.386102152442,
                763.787259719786
            ]
        },
        "init_w": [
            12.0,
            14.0,
            16.0,
            17.0,
            20.0
        ],
        "init_b": [
            10.0,
            14.0,
            15.0,
            12.0,
            14.0
        ],
        "max_num_steps": 500,
        "max_num_pairs": 20,
        "num_input_decimals": 0,
        "num_output_decimals": 0,
        "num_generated_points_in_each_step": 8
    },
    "1": {
        "optimizer_llm_configs": {
            "model_type": "gemini-1.5-flash-002",
            "temperature": 1.0,
            "batch_size": 1,
            "num_servers": 1,
            "max_decode_steps": 1024,
            "model": "gemini-1.5-flash-002"
        },
        "data": {
            "num_points": 50,
            "w_true": 15,
            "b_true": 14,
            "loss_at_true_values": 64.32793768637458,
            "X": [
                1.0,
                2.0,
                3.0,
                4.0,
                5.0,
                6.0,
                7.0,
                8.0,
                9.0,
                10.0,
                11.0,
                12.0,
                13.0,
                14.0,
                15.0,
                16.0,
                17.0,
                18.0,
                19.0,
                20.0,
                21.0,
                22.0,
                23.0,
                24.0,
                25.0,
                26.0,
                27.0,
                28.0,
                29.0,
                30.0,
                31.0,
                32.0,
                33.0,
                34.0,
                35.0,
                36.0,
                37.0,
                38.0,
                39.0,
                40.0,
                41.0,
                42.0,
                43.0,
                44.0,
                45.0,
                46.0,
                47.0,
                48.0,
                49.0,
                50.0
            ],
            "y": [
                30.764052345967663,
                44.400157208367226,
                59.97873798410574,
                76.24089319920145,
                90.86755799014996,
                103.02272212012359,
                119.95008841752559,
                133.8486427917023,
                148.89678114820643,
                164.41059850193838,
                179.14404357116086,
                195.45427350696298,
                209.761037725147,
                224.12167501649282,
                239.44386323274543,
                254.33367432737427,
                270.4940790731576,
                283.7948417362342,
                299.3130677016509,
                313.1459042606983,
                326.44701018416595,
                344.6536185954404,
                359.8644361988595,
                373.25783497959355,
                391.2697546239876,
                402.54563432540124,
                419.04575851730146,
                433.81281614997414,
                450.53277921435847,
                465.4693587699003,
                479.1549474256969,
                494.3781625196022,
                508.1122142523699,
                522.019203531776,
                538.6520878506739,
                554.156348969104,
                570.2302906807278,
                585.2023798487844,
                598.6126731825921,
                613.6976972494247,
                627.9514470349329,
                642.579982062821,
                657.293729809375,
                675.9507753952317,
                688.4903478182483,
                703.5619256983888,
                717.74720463995,
                734.7774903558319,
                747.386102152442,
                763.787259719786
            ]
        },
        "init_w": [
            12.0,
            14.0,
            16.0,
            17.0,
            20.0
        ],
        "init_b": [
            10.0,
            14.0,
            15.0,
            12.0,
            14.0
        ],
        "max_num_steps": 500,
        "max_num_pairs": 20,
        "num_input_decimals": 0,
        "num_output_decimals": 0,
        "num_generated_points_in_each_step": 8
    },
    "2": {
        "optimizer_llm_configs": {
            "model_type": "gemini-1.5-flash-002",
            "temperature": 1.0,
            "batch_size": 1,
            "num_servers": 1,
            "max_decode_steps": 1024,
            "model": "gemini-1.5-flash-002"
        },
        "data": {
            "num_points": 50,
            "w_true": 15,
            "b_true": 14,
            "loss_at_true_values": 64.32793768637458,