{
    "0": {
        "optimizer_llm_configs": {
            "model_type": "gemini-2.0-flash-exp",
            "temperature": 1.5,
            "batch_size": 1,
            "num_servers": 1,
            "max_decode_steps": 1024,
            "model": "gemini-2.0-flash-exp"
        },
        "data": {
            "num_points": 50,
            "w_true": 36,
            "b_true": -1,
            "loss_at_true_values": 64.32793768637481,
            "X": [
                1.0,
                2.0,
                3.0,
                4.0,
                5.0,
                6.0,
                7.0,
                8.0,
                9.0,
                10.0,
                11.0,
                12.0,
                13.0,
                14.0,
                15.0,
                16.0,
                17.0,
                18.0,
                19.0,
                20.0,
                21.0,
                22.0,
                23.0,
                24.0,
                25.0,
                26.0,
                27.0,
                28.0,
                29.0,
                30.0,
                31.0,
                32.0,
                33.0,
                34.0,
                35.0,
                36.0,
                37.0,
                38.0,
                39.0,
                40.0,
                41.0,
                42.0,
                43.0,
                44.0,
                45.0,
                46.0,
                47.0,
                48.0,
                49.0,
                50.0
            ],
            "y": [
                36.76405234596766,
                71.40015720836722,
                107.97873798410573,
                145.24089319920145,
                180.86755799014998,
                214.02272212012357,
                251.9500884175256,
                286.8486427917023,
                322.89678114820646,
                359.41059850193835,
                395.14404357116086,
                432.454273506963,
                467.761037725147,
                503.1216750164928,
                539.4438632327455,
                575.3336743273743,
                612.4940790731576,
                646.7948417362342,
                683.3130677016509,
                718.1459042606983,
                752.447010184166,
                791.6536185954403,
                827.8644361988595,
                862.2578349795936,
                901.2697546239876,
                933.5456343254012,
                971.0457585173015,
                1006.8128161499742,
                1044.5327792143585,
                1080.4693587699003,
                1115.154947425697,
                1151.3781625196023,
                1186.11221425237,
                1221.0192035317762,
                1258.6520878506738,
                1295.1563489691039,
                1332.2302906807276,
                1368.2023798487844,
                1402.612673182592,
                1438.6976972494247,
                1473.951447034933,
                1509.579982062821,
                1545.293729809375,
                1584.9507753952319,
                1618.4903478182484,
                1654.561925698389,
                1689.74720463995,
                1727.777490355832,
                1761.386102152442,
                1798.787259719786
            ]
        },
        "init_w": [
            12.0,
            14.0,
            16.0,
            17.0,
            20.0
        ],
        "init_b": [
            10.0,
            14.0,
            15.0,
            12.0,
            14.0
        ],
        "max_num_steps": 500,
        "max_num_pairs": 35,
        "num_input_decimals": 0,
        "num_output_decimals": 0,
        "num_generated_points_in_each_step": 15
    },
    "1": {
        "optimizer_llm_configs": {
            "model_type": "gemini-2.0-flash-exp",
            "temperature": 1.5,
            "batch_size": 1,
            "num_servers": 1,
            "max_decode_steps": 1024,
            "model": "gemini-2.0-flash-exp"
        },
        "data": {
            "num_points": 50,
            "w_true": 36,
            "b_true": -1,
            "loss_at_true_values": 64.32793768637481,
            "X": [
                1.0,
                2.0,
                3.0,
                4.0,
                5.0,
                6.0,
                7.0,
                8.0,
                9.0,
                10.0,
                11.0,
                12.0,
                13.0,
                14.0,
                15.0,
                16.0,
                17.0,
                18.0,
                19.0,
                20.0,
                21.0,
                22.0,
                23.0,
                24.0,
                25.0,
                26.0,
                27.0,
                28.0,
                29.0,
                30.0,
                31.0,
                32.0,
                33.0,
                34.0,
                35.0,
                36.0,
                37.0,
                38.0,
                39.0,
                40.0,
                41.0,
                42.0,
                43.0,
                44.0,
                45.0,
                46.0,
                47.0,
                48.0,
                49.0,
                50.0
            ],
            "y": [
                36.76405234596766,
                71.40015720836722,
                107.97873798410573,
                145.24089319920145,
                180.86755799014998,
                214.02272212012357,
                251.9500884175256,
                286.8486427917023,
                322.89678114820646,
                359.41059850193835,
                395.14404357116086,
                432.454273506963,
                467.761037725147,
                503.1216750164928,
                539.4438632327455,
                575.3336743273743,
                612.4940790731576,
                646.7948417362342,
                683.3130677016509,
                718.1459042606983,
                752.447010184166,
                791.6536185954403,
                827.8644361988595,
                862.2578349795936,
                901.2697546239876,
                933.5456343254012,
                971.0457585173015,
                1006.8128161499742,
                1044.5327792143585,
                1080.4693587699003,
                1115.154947425697,
                1151.3781625196023,
                1186.11221425237,
                1221.0192035317762,
                1258.6520878506738,
                1295.1563489691039,
                1332.2302906807276,
                1368.2023798487844,
                1402.612673182592,
                1438.6976972494247,
                1473.951447034933,
                1509.579982062821,
                1545.293729809375,
                1584.9507753952319,
                1618.4903478182484,
                1654.561925698389,
                1689.74720463995,
                1727.777490355832,
                1761.386102152442,
                1798.787259719786
            ]
        },
        "init_w": [
            12.0,
            14.0,
            16.0,
            17.0,
            20.0
        ],
        "init_b": [
            10.0,
            14.0,
            15.0,
            12.0,
            14.0
        ],
        "max_num_steps": 500,
        "max_num_pairs": 35,
        "num_input_decimals": 0,
        "num_output_decimals": 0,
        "num_generated_points_in_each_step": 15
    }
}