{
    "0": {
        "optimizer_llm_configs": {
            "model_type": "gemini-2.0-flash-exp",
            "temperature": 1.0,
            "batch_size": 1,
            "num_servers": 1,
            "max_decode_steps": 1024,
            "model": "gemini-2.0-flash-exp"
        },
        "data": {
            "num_points": 50,
            "w_true": 25,
            "b_true": 23,
            "loss_at_true_values": 64.32793768637532,
            "X": [
                1.0,
                2.0,
                3.0,
                4.0,
                5.0,
                6.0,
                7.0,
                8.0,
                9.0,
                10.0,
                11.0,
                12.0,
                13.0,
                14.0,
                15.0,
                16.0,
                17.0,
                18.0,
                19.0,
                20.0,
                21.0,
                22.0,
                23.0,
                24.0,
                25.0,
                26.0,
                27.0,
                28.0,
                29.0,
                30.0,
                31.0,
                32.0,
                33.0,
                34.0,
                35.0,
                36.0,
                37.0,
                38.0,
                39.0,
                40.0,
                41.0,
                42.0,
                43.0,
                44.0,
                45.0,
                46.0,
                47.0,
                48.0,
                49.0,
                50.0
            ],
            "y": [
                49.76405234596766,
                73.40015720836722,
                98.97873798410573,
                125.24089319920145,
                149.86755799014998,
                172.02272212012357,
                198.9500884175256,
                222.8486427917023,
                247.89678114820643,
                273.41059850193835,
                298.14404357116086,
                324.454273506963,
                348.761037725147,
                373.1216750164928,
                398.4438632327454,
                423.33367432737424,
                449.4940790731576,
                472.7948417362342,
                498.3130677016509,
                522.1459042606983,
                545.447010184166,
                573.6536185954403,
                598.8644361988595,
                622.2578349795936,
                650.2697546239876,
                671.5456343254012,
                698.0457585173015,
                722.8128161499742,
                749.5327792143585,
                774.4693587699003,
                798.154947425697,
                823.3781625196021,
                847.1122142523699,
                871.019203531776,
                897.6520878506739,
                923.156348969104,
                949.2302906807278,
                974.2023798487844,
                997.6126731825921,
                1022.6976972494247,
                1046.951447034933,
                1071.579982062821,
                1096.293729809375,
                1124.9507753952319,
                1147.4903478182484,
                1172.561925698389,
                1196.74720463995,
                1223.777490355832,
                1246.386102152442,
                1272.787259719786
            ]
        },
        "init_w": [
            12.0,
            14.0,
            16.0,
            17.0,
            20.0
        ],
        "init_b": [
            10.0,
            14.0,
            15.0,
            12.0,
            14.0
        ],
        "max_num_steps": 500,
        "max_num_pairs": 20,
        "num_input_decimals": 0,
        "num_output_decimals": 0,
        "num_generated_points_in_each_step": 8
    },
    "1": {
        "optimizer_llm_configs": {
            "model_type": "gemini-2.0-flash-exp",
            "temperature": 1.0,
            "batch_size": 1,
            "num_servers": 1,
            "max_decode_steps": 1024,
            "model": "gemini-2.0-flash-exp"
        },
        "data": {
            "num_points": 50,
            "w_true": 25,
            "b_true": 23,
            "loss_at_true_values": 64.32793768637532,
            "X": [
                1.0,
                2.0,
                3.0,
                4.0,
                5.0,
                6.0,
                7.0,
                8.0,
                9.0,
                10.0,
                11.0,
                12.0,
                13.0,
                14.0,
                15.0,
                16.0,
                17.0,
                18.0,
                19.0,
                20.0,
                21.0,
                22.0,
                23.0,
                24.0,
                25.0,
                26.0,
                27.0,
                28.0,
                29.0,
                30.0,
                31.0,
                32.0,
                33.0,
                34.0,
                35.0,
                36.0,
                37.0,
                38.0,
                39.0,
                40.0,
                41.0,
                42.0,
                43.0,
                44.0,
                45.0,
                46.0,
                47.0,
                48.0,
                49.0,
                50.0
            ],
            "y": [
                49.76405234596766,
                73.40015720836722,
                98.97873798410573,
                125.24089319920145,
                149.86755799014998,
                172.02272212012357,
                198.9500884175256,
                222.8486427917023,
                247.89678114820643,
                273.41059850193835,
                298.14404357116086,
                324.454273506963,
                348.761037725147,
                373.1216750164928,
                398.4438632327454,
                423.33367432737424,
                449.4940790731576,
                472.7948417362342,
                498.3130677016509,
                522.1459042606983,
                545.447010184166,
                573.6536185954403,
                598.8644361988595,
                622.2578349795936,
                650.2697546239876,
                671.5456343254012,
                698.0457585173015,
                722.8128161499742,
                749.5327792143585,
                774.4693587699003,
                798.154947425697,
                823.3781625196021,
                847.1122142523699,
                871.019203531776,
                897.6520878506739,
                923.156348969104,
                949.2302906807278,
                974.2023798487844,
                997.6126731825921,
                1022.6976972494247,
                1046.951447034933,
                1071.579982062821,
                1096.293729809375,
                1124.9507753952319,
                1147.4903478182484,
                1172.561925698389,
                1196.74720463995,
                1223.777490355832,
                1246.386102152442,
                1272.787259719786
            ]
        },
        "init_w": [
            12.0,
            14.0,
            16.0,
            17.0,
            20.0
        ],
        "init_b": [
            10.0,
            14.0,
            15.0,
            12.0,
            14.0
        ],
        "max_num_steps": 500,
        "max_num_pairs": 20,
        "num_input_decimals": 0,
        "num_output_decimals": 0,
        "num_generated_points_in_each_step": 8
    },
    "2": {
        "optimizer_llm_configs": {
            "model_type": "gemini-2.0-flash-exp",
            "temperature": 1.0,
            "batch_size": 1,
            "num_servers": 1,
            "max_decode_steps": 1024,
            "model": "gemini-2.0-flash-exp"
        },
        "data": {
            "num_points": 50,
            "w_true": 25,
            "b_true": 23,
            "loss_at_true_values": 64.32793768637532,